{
  "dmg_multi": 1.0,
  "exp_multi": 1.2000000476837158,
  "hp_multi": 1.0,
  "identifier": "lycanite_mobs",
  "loot_multi": 1.2000000476837158,
  "max_lvl": 1000000,
  "min_lvl": 1,
  "stat_multi": 1.0,
  "stats": {
    "stats": []
  }
}